fecha,caja_neta,ingreso_efectivo,ingreso_tarjeta,ingreso_transferencia,gasto_operativo,gasto_extraordinario,saldo_diario,yhat,yhat_lower_80,yhat_upper_80,yhat_lower,yhat_upper,es_anomalia,severidad,tipo_anomalia,horizonte
2024-01-31,29805.844684930256,24676.838996894872,38262.93136595533,15952.2643660251,49086.190043945055,0.0,29805.844684930256,,,,,,False,,,
2024-02-01,7821.8641008333,12298.402613055034,19722.120192736507,7799.345343987438,31998.00404894568,0.0,7821.8641008333,,,,,,True,bajo,Benford,
2024-02-02,10104.047687885371,13715.999908998065,20946.51413483742,7541.431956257566,32099.89831220768,0.0,10104.047687885371,,,,,,False,,,
2024-02-03,-16480.38424594095,8072.455713879619,12767.88223992276,4974.385726630695,42295.107926374025,0.0,-16480.38424594095,,,,,,True,medio,Temporal,
2024-02-04,-1929.9147989529663,10978.628179586512,18672.956514218225,5223.314447850146,36804.81394060785,0.0,-1929.9147989529663,,,,,,True,medio,Temporal,
2024-02-05,24823.69424608382,16714.762192907263,26618.02442007738,10113.726047519083,28622.818414419908,0.0,24823.69424608382,,,,,,False,,,
2024-02-06,17039.57344112948,12755.829574588284,20584.63828565321,8234.40671870152,24535.30113781353,0.0,17039.57344112948,,,,,,False,,,
2024-02-07,6127.886935168161,9685.305597464414,16783.5699004871,10172.395020501988,30513.38358328534,0.0,6127.886935168161,,,,,,True,bajo,Benford,
2024-02-08,-36064.52505613744,12033.754888538057,19231.66848540331,8624.715826651447,40404.27086527624,35550.39339145401,-36064.52505613744,,,,,,True,bajo,IQR,
2024-02-09,22428.22501477889,15305.243074669124,26212.24770367213,11464.531106275304,30553.796869837657,0.0,22428.22501477889,,,,,,False,,,
2024-02-10,13082.61052031626,10335.454817300351,18315.951754691567,9013.80847905231,24582.60453072797,0.0,13082.61052031626,,,,,,True,medio,Temporal,
2024-02-11,16227.094785712354,11611.740677337635,18363.56040775681,4828.284586453096,18576.490885835192,0.0,16227.094785712354,,,,,,True,medio,Temporal,
2024-02-12,20834.72852611503,13557.468007245749,20126.765218538032,6836.634079712041,19686.13877938079,0.0,20834.72852611503,,,,,,False,,,
2024-02-13,30416.138254942733,16138.433331761182,25933.65021960013,7253.106584743215,18909.0518811618,0.0,30416.138254942733,,,,,,False,,,
2024-02-14,15663.530125304002,12714.37481769349,20887.541693488503,8070.312091156189,26008.698477034173,0.0,15663.530125304002,,,,,,False,,,
2024-02-15,4136.43455467638,14447.806429819637,22123.497948489126,7609.900691659373,40044.77051529176,0.0,4136.43455467638,,,,,,False,,,
2024-02-16,18094.756097943937,15714.725562635696,26077.22758170109,10548.407543106836,34245.604589499686,0.0,18094.756097943937,,,,,,False,,,
2024-02-17,-13475.961317992123,8892.710555181136,14625.6980736222,5728.546366428131,42722.91631322359,0.0,-13475.961317992123,,,,,,True,medio,Temporal,
2024-02-18,1881.2453418008663,9745.937573058987,18724.99709050216,6569.936544075208,33159.62586583549,0.0,1881.2453418008663,,,,,,True,medio,Temporal,
2024-02-19,25739.905362428275,15089.941688015226,22228.09280244313,11684.8563652574,23262.985493287488,0.0,25739.905362428275,,,,,,False,,,
2024-02-20,20668.611497956183,14234.222223112934,21736.83398404156,11286.106692794134,26588.55140199245,0.0,20668.611497956183,,,,,,False,,,
2024-02-21,17824.280979263996,14203.860044352205,25361.21456557675,12283.86784779014,34024.6614784551,0.0,17824.280979263996,,,,,,False,,,
2024-02-22,1588.7647008363274,10660.567078721257,17838.823243748357,7157.535380752176,34068.16100238546,0.0,1588.7647008363274,,,,,,False,,,
2024-02-23,13798.59686722348,14186.36533488416,24426.447792673825,8927.763953802412,33741.98021413691,0.0,13798.59686722348,,,,,,False,,,
2024-02-24,-697.724958235176,10621.4057765515,16107.09988358234,4887.410695755687,32313.6413141247,0.0,-697.724958235176,,,,,,True,medio,"Benford, Temporal",
2024-02-25,-6069.2922122311575,10411.916489278448,16125.187864184389,6216.691868084038,38823.08843377803,0.0,-6069.2922122311575,,,,,,True,medio,"Benford, Temporal",
2024-02-26,18255.958225737424,14643.65218323208,25381.55486292802,8749.75017780712,30518.99899822979,0.0,18255.958225737424,,,,,,False,,,
2024-02-27,29681.75038783106,19626.74807957701,33503.522428401324,11224.84075704014,34673.36087718741,0.0,29681.75038783106,,,,,,False,,,
2024-02-28,7678.421104326728,12230.615069695054,20474.08727594928,7944.202237409358,32970.483478726965,0.0,7678.421104326728,,,,,,True,bajo,Benford,
2024-02-29,11843.58743480216,16569.613925790945,29072.697963746727,10347.13734649828,44145.86180123378,0.0,11843.58743480216,,,,,,False,,,
2024-03-01,-4107.466091839418,8583.53320225156,15586.668221824384,6666.832173624406,34944.49968953977,0.0,-4107.466091839418,,,,,,False,,,
2024-03-02,-7267.761418463579,8217.146134935309,13523.844492875663,5928.127976433385,34936.880022707934,0.0,-7267.761418463579,,,,,,True,medio,"Benford, Temporal",
2024-03-03,31031.68640829973,41046.77381683947,16639.71813511656,6506.411481551115,33161.217025207414,0.0,31031.68640829973,,,,,,True,medio,Temporal,
2024-03-04,17797.138164700336,14888.399961931324,27190.21316573492,12062.265537869662,36343.74050083556,0.0,17797.138164700336,,,,,,False,,,
2024-03-05,11687.736414865794,14332.52320157154,23101.48663388425,8766.487368863312,34512.760789453314,0.0,11687.736414865794,,,,,,False,,,
2024-03-06,13285.163798752035,15837.250048765394,27240.04781384495,8371.528464160438,38163.66252801874,0.0,13285.163798752035,,,,,,False,,,
2024-03-07,-68.01767896566889,10060.34928366724,17168.476564348763,10840.22201542408,38137.06554240575,0.0,-68.01767896566889,,,,,,True,bajo,Benford,
2024-03-08,18940.59796689543,13217.87508798847,20951.90545667388,10253.137051415935,25482.319629182857,0.0,18940.59796689543,,,,,,False,,,
2024-03-09,10730.878980259751,11973.887754270712,17825.623205637574,7628.943927432861,26697.575907081395,0.0,10730.878980259751,,,,,,True,medio,Temporal,
2024-03-10,-4606.119126202728,8912.992114381888,13673.578943946666,5163.811710155243,32356.501894686524,0.0,-4606.119126202728,,,,,,True,medio,Temporal,
2024-03-11,7940.504868558095,12137.199748005369,18740.97224567386,6989.428516036891,29927.095641158023,0.0,7940.504868558095,,,,,,True,bajo,Benford,
2024-03-12,3459.850123945147,10545.052528574608,16472.69863671033,8041.47280754646,31599.37384888625,0.0,3459.850123945147,,,,,,False,,,
2024-03-13,16240.568500417008,10398.019894370364,17640.94695644591,8690.292038709133,20488.6903891084,0.0,16240.568500417008,,,,,,False,,,
2024-03-14,21674.36416903298,13198.846940642035,22894.66518498799,11328.740299424026,25747.888256021077,0.0,21674.36416903298,,,,,,False,,,
2024-03-15,-178689.07776634995,14548.594375436072,26033.053844629914,6824.571965284449,226095.2979517004,0.0,-178689.07776634995,,,,,,True,crítico,"Isolation Forest, Z-score, IQR, Temporal",
2024-03-16,12201.968710765635,11455.124895623318,19963.047733422944,5823.898748894456,25040.10266717508,0.0,12201.968710765635,,,,,,True,alto,"Isolation Forest, Temporal",
2024-03-17,7237.807628738581,9409.206176031596,14204.6549954454,5271.184854655982,21647.238397394394,0.0,7237.807628738581,,,,,,True,crítico,"Isolation Forest, Benford, Temporal",
2024-03-18,26604.6749128782,15790.787858495774,24163.28705409264,9085.700917688057,22435.100917398275,0.0,26604.6749128782,,,,,,True,medio,Isolation Forest,
2024-03-19,16076.531816741552,15570.831089220796,24978.64053218598,11814.90340666632,36287.84321133154,0.0,16076.531816741552,,,,,,True,medio,Isolation Forest,
2024-03-20,14178.811701265033,12513.335740332794,21006.15307750501,11964.38376027458,31305.060876847347,0.0,14178.811701265033,,,,,,True,medio,Isolation Forest,
2024-03-21,8748.515382694808,14353.336750080463,24327.933476062102,10203.141492145822,40135.89633559358,0.0,8748.515382694808,,,,,,True,medio,"Isolation Forest, Benford",
2024-03-22,6435.974340535759,11770.530927926447,18565.66558995573,8338.812020926476,32239.034198272893,0.0,6435.974340535759,,,,,,True,medio,"Isolation Forest, Benford",
2024-03-23,1976.8939026667688,9214.445964420498,15514.298551512687,6405.522952998031,29157.373566264447,0.0,1976.8939026667688,,,,,,True,medio,Temporal,
2024-03-24,3820.41770072341,9189.217384323649,14909.458910712752,7759.422144909265,28037.68073922225,0.0,3820.41770072341,,,,,,True,medio,Temporal,
2024-03-25,18299.67769771512,13046.301333066804,20731.592008424817,8988.775034127897,24466.9906779044,0.0,18299.67769771512,,,,,,False,,,
2024-03-26,26565.16702751889,16272.543233787048,28230.610423077374,11624.384272134856,29562.370901480383,0.0,26565.16702751889,,,,,,False,,,
2024-03-27,17156.40996090073,12989.59331360303,22926.40284198,9274.836857132654,28034.42305181495,0.0,17156.40996090073,,,,,,False,,,
2024-03-28,30312.418962356707,15608.679752489286,25910.87757740719,9451.045921807852,20658.18428934762,0.0,30312.418962356707,,,,,,False,,,
2024-03-29,35813.27935890772,18512.623065507378,30029.431360277416,14865.993443501842,27594.768510378923,0.0,35813.27935890772,,,,,,False,,,
2024-03-30,18299.67769771512,13046.301333066804,20731.592008424817,8988.775034127897,24466.9906779044,0.0,18299.67769771512,,,,,,True,medio,Temporal,
2024-03-31,-6991.056727420713,12252.492785886405,19413.59070197205,8444.99198639679,47102.13220167596,0.0,-6991.056727420713,,,,,,True,medio,"Benford, Temporal",
2024-04-01,23106.76947597201,13538.228570946754,25036.73834230096,10262.22951975978,25730.426957035485,0.0,23106.76947597201,,,,,,False,,,
2024-04-02,-107655.64931228755,13489.80683779648,23218.352210975718,9748.314789258611,36816.5874746621,117295.53567565628,-107655.64931228755,,,,,,True,crítico,"Isolation Forest, Z-score, IQR, Temporal",
2024-04-03,13179.930948306508,14869.05801491862,21369.12224092705,8990.131544673823,32048.380852212984,0.0,13179.930948306508,,,,,,True,alto,"Isolation Forest, Temporal",
2024-04-04,5626.467588555664,9635.146874803178,17186.979847429244,7992.160885757094,29187.820019433857,0.0,5626.467588555664,,,,,,True,bajo,Benford,
2024-04-05,14060.927878629322,9709.191060239407,19115.93241900487,8856.048005997678,23620.243606612632,0.0,14060.927878629322,,,,,,False,,,
2024-04-06,4082.310424129133,6882.978799817085,13418.43658950062,5893.202044026871,22112.307009215445,0.0,4082.310424129133,,,,,,True,medio,Temporal,
2024-04-07,944.2661467964426,7929.452160682571,13115.76985794446,5335.08988563428,25436.045757464864,0.0,944.2661467964426,,,,,,True,medio,"Benford, Temporal",
2024-04-08,17944.039265228123,15603.426826988796,27542.342416744617,8758.670579752297,33960.400558257585,0.0,17944.039265228123,,,,,,False,,,
2024-04-09,14551.409572025465,11250.923975373427,19661.39466120201,6887.136363815942,23248.045428365916,0.0,14551.409572025465,,,,,,False,,,
2024-04-10,19512.503472045664,14348.752215017172,21896.631456775493,8002.131518318421,24735.011718065416,0.0,19512.503472045664,,,,,,False,,,
2024-04-11,28551.034115570903,15791.28050214082,32986.28498928352,15273.17032632996,35499.7017021834,0.0,28551.034115570903,,,,,,False,,,
2024-04-12,18164.965229743226,14999.078812773369,26239.53145721304,7472.558974782359,30546.20401502554,0.0,18164.965229743226,,,,,,False,,,
2024-04-13,10594.31806950068,14903.29868362798,24261.187329556036,5829.488851888344,34399.656795571675,0.0,10594.31806950068,,,,,,True,medio,Temporal,
2024-04-14,-5673.666463073154,8599.012039177152,14735.617405958074,7659.012932626796,29122.311289101992,7544.997551733186,-5673.666463073154,,,,,,True,medio,"Benford, Temporal",
2024-04-15,2449.667635624224,13915.677060493852,22913.417063992725,10761.510855247849,45140.9373441102,0.0,2449.667635624224,,,,,,False,,,
2024-04-16,6486.047538826671,12125.795517372157,22541.46649526028,7888.025161876809,36069.23963568257,0.0,6486.047538826671,,,,,,True,bajo,Benford,
2024-04-17,26564.223864164516,13064.034476569968,22173.76399576495,11069.995973937985,19743.570582108398,0.0,26564.223864164516,,,,,,False,,,
2024-04-18,29065.248983921603,17314.890902180567,27939.207941307268,13745.49249481912,29934.342354385357,0.0,29065.248983921603,,,,,,False,,,
2024-04-19,15995.046530498548,12470.676170034509,18609.283734666504,6876.781357518128,21961.694731720592,0.0,15995.046530498548,,,,,,False,,,
2024-04-20,14605.918954597812,13413.79045778818,20251.45594397828,6168.103975927437,25227.431423096084,0.0,14605.918954597812,,,,,,True,medio,Temporal,
2024-04-21,10084.72628398805,10710.819309599934,18185.53088466171,7624.295328053634,26435.91923832723,0.0,10084.72628398805,,,,,,True,medio,Temporal,
2024-04-22,-11246.490972805192,16483.620115033278,23742.409326793237,8527.479585368297,60000.0,0.0,-11246.490972805192,,,,,,False,,,
2024-04-23,5833.712531161684,10748.039103117088,17389.05828291446,7604.927934944371,29370.286509233458,538.026280580775,5833.712531161684,,,,,,True,bajo,Benford,
2024-04-24,32598.828788662035,18936.42532727669,27451.95162193321,10125.812363153847,23915.36052370172,0.0,32598.828788662035,,,,,,False,,,
2024-04-25,27075.40324033035,16875.471650886437,27306.15190446433,12422.018170168089,29528.238485188507,0.0,27075.40324033035,,,,,,False,,,
2024-04-26,30882.991895017934,18748.41982716392,33803.81680078379,9401.197304777605,31070.44203770738,0.0,30882.991895017934,,,,,,False,,,
2024-04-27,-137027.6538517315,12898.08277385166,21235.23047397695,7837.674360838485,33453.24300088277,145545.39845951585,-137027.6538517315,,,,,,True,crítico,"Isolation Forest, Z-score, IQR, Temporal",
2024-04-28,20715.531389917225,19622.25196447877,27942.16388274239,6405.57673473535,33254.461192039285,0.0,20715.531389917225,,,,,,True,alto,"Isolation Forest, Temporal",
2024-04-29,17934.570637577242,17846.91155675781,27596.76901507764,10851.1589618109,38360.2688960691,0.0,17934.570637577242,,,,,,False,,,
2024-04-30,-3869.6239843296935,12943.372071422433,22471.37337681977,9864.80267795871,49149.172110530606,0.0,-3869.6239843296935,,,,,,False,,,
2024-05-01,18217.843778336905,15797.114285516993,24025.03691602685,9639.669802644516,31243.977225851453,0.0,18217.843778336905,,,,,,False,,,
2024-05-02,8356.311361256921,14152.137956538723,21606.26373065085,12581.453668310894,39983.54399424355,0.0,8356.311361256921,,,,,,True,bajo,Benford,
2024-05-03,26685.377773160923,19665.502663874144,32014.495087793,16084.17899152177,41078.798970028,0.0,26685.377773160923,,,,,,False,,,
2024-05-04,7139.625545560586,12132.667957738677,17685.34249720453,8314.405095825736,30992.79000520836,0.0,7139.625545560586,,,,,,True,medio,"Benford, Temporal",
2024-05-05,7630.207538842795,11244.392376484497,17018.887714849832,9140.513236915369,29773.5857894069,0.0,7630.207538842795,,,,,,True,medio,"Benford, Temporal",
2024-05-06,29509.59801476284,21411.638853379827,33360.20186230586,15298.953097770294,40561.195798693145,0.0,29509.59801476284,,,,,,False,,,
2024-05-07,2358.9398209213614,11610.602824453674,20357.593287058884,6697.763168721799,36307.019459313,0.0,2358.9398209213614,,,,,,False,,,
2024-05-08,8028.616898343091,13488.059305516465,21947.66084426448,8537.762059948653,35944.86531138651,0.0,8028.616898343091,,,,,,True,bajo,Benford,
2024-05-09,5876.737170016131,13291.897880120998,22654.92780101813,7138.838068465348,37208.92657958834,0.0,5876.737170016131,,,,,,True,bajo,Benford,
2024-05-10,7895.033144857472,12669.614866434866,24645.6822828588,11178.857313789253,40599.12131822544,0.0,7895.033144857472,,,,,,True,bajo,Benford,
2024-05-11,-2795.0453572081024,8841.773601529014,14550.952070189438,4825.870024214811,31013.641053141364,0.0,-2795.0453572081024,,,,,,True,medio,Temporal,
2024-05-12,662.0049201582151,10267.878414118575,17652.09033686197,8703.988442410986,35961.95227323331,0.0,662.0049201582151,,,,,,True,medio,"Benford, Temporal",
2024-05-13,20583.350158780977,13324.658849559422,25085.22221857836,10730.673745649292,28557.20465500609,0.0,20583.350158780977,,,,,,False,,,
2024-05-14,337.79535913576547,10172.776772309322,17517.04392440851,6351.99687147113,33704.0222090532,0.0,337.79535913576547,,,,,,False,,,
2024-05-15,-13439.58234085182,11559.516741443647,18716.687222396533,8040.990743921771,51756.777048613774,0.0,-13439.58234085182,,,,,,False,,,
2024-05-16,-112812.63885964536,16513.51262888862,29502.53203573549,11697.301522250746,170525.98504652022,0.0,-112812.63885964536,,,,,,True,crítico,"Isolation Forest, Z-score, IQR, Temporal",
2024-05-17,-50332.69400298373,20844.208023687548,33662.17318009295,11327.002908801443,46274.43853917883,69891.63957638685,-50332.69400298373,,,,,,True,alto,"Isolation Forest, IQR, Benford",
2024-05-18,20154.98944669909,13948.289504640396,24970.44168546665,12144.632392855678,30908.374136263625,0.0,20154.98944669909,,,,,,True,alto,"Isolation Forest, Temporal",
2024-05-19,24841.442692783057,17178.60156788021,28107.71373621806,13572.505192928513,34017.377804243726,0.0,24841.442692783057,,,,,,True,medio,Temporal,
2024-05-20,18824.316157670022,13950.427422527093,23048.12266781607,11389.606742660852,29563.84067533399,0.0,18824.316157670022,,,,,,False,,,
2024-05-21,7644.665025077149,12119.490906282228,20332.193144288038,8072.479648338282,32879.4986738314,0.0,7644.665025077149,,,,,,True,bajo,Benford,
2024-05-22,3752.402003909767,11355.959313315529,18824.20631793397,6982.149256010837,33409.912883350575,0.0,3752.402003909767,,,,,,False,,,
2024-05-23,17107.39709534745,15319.041058793844,26503.177069598634,12919.50520048131,37634.32623352634,0.0,17107.39709534745,,,,,,True,medio,Isolation Forest,
2024-05-24,10037.086904725053,15241.141304018543,24257.62315320676,8964.944879002927,38426.62243150318,0.0,10037.086904725053,,,,,,False,,,
2024-05-25,1505.9191444611934,11095.71039383466,18835.77168946453,6899.52319211641,35325.08613095441,0.0,1505.9191444611934,,,,,,True,medio,Temporal,
2024-05-26,-5349.696413435777,8364.980707816785,16348.39734705015,7194.412641865219,37257.48711016793,0.0,-5349.696413435777,,,,,,True,medio,"Benford, Temporal",
2024-05-27,25898.26431949261,14380.07838490752,29277.3679813044,11474.935688941276,29234.117735660588,0.0,25898.26431949261,,,,,,False,,,
2024-05-28,32674.46198058105,20838.14915047325,36534.248127340165,12145.19372825368,36843.12902548605,0.0,32674.46198058105,,,,,,False,,,
2024-05-29,19961.94323074729,16976.192468569272,27566.533236301417,12890.642342957908,37471.42481708131,0.0,19961.94323074729,,,,,,False,,,
2024-05-30,13056.975426594472,16773.464979918812,30045.56765625029,9480.685513242408,43242.74272281704,0.0,13056.975426594472,,,,,,False,,,
2024-05-31,541.1919426016175,14536.322904775914,23756.96032025189,10251.686958753802,48003.77824117999,0.0,541.1919426016175,,,,,,True,bajo,Benford,
2024-06-01,-6289.070454879064,7609.984893010884,13017.655227943618,4363.181146789776,31279.89172262334,0.0,-6289.070454879064,,,,,,True,medio,"Benford, Temporal",
2024-06-02,-3696.3013027485904,9446.883120433686,14849.482244371438,5322.0528709450045,33314.71953849872,0.0,-3696.3013027485904,,,,,,True,medio,Temporal,
2024-06-03,-64678.02774740037,14285.525784102882,25290.01562211584,11852.328421405804,116105.8975750249,0.0,-64678.02774740037,,,,,,True,alto,"Isolation Forest, IQR, Benford",
2024-06-04,43028.077662863885,20576.172469838097,34510.258103103355,19313.80879623155,31372.161706309107,0.0,43028.077662863885,,,,,,True,medio,Temporal,
2024-06-05,39803.75245840416,54731.379533447645,23429.10726071267,10630.000346371266,48986.73468212742,0.0,39803.75245840416,,,,,,False,,,
2024-06-06,27196.419383694258,17185.087033895437,26347.781729656057,12668.258523637376,29004.70790349461,0.0,27196.419383694258,,,,,,False,,,
2024-06-07,14910.846787921582,15914.648210362646,25439.32108114283,7629.409476720116,34072.53198030401,0.0,14910.846787921582,,,,,,False,,,
2024-06-08,-8132.047825662572,8108.154774047837,14757.860413039863,4961.370658286272,35959.433671036546,0.0,-8132.047825662572,,,,,,True,medio,"Benford, Temporal",
2024-06-09,-1872.5161778574693,7854.713902753755,15210.7356497693,8357.679212244677,33295.6449426252,0.0,-1872.5161778574693,,,,,,True,medio,Temporal,
2024-06-10,21448.52983810641,11788.118287692623,22432.495781821035,10108.928498733489,22881.01273014074,0.0,21448.52983810641,,,,,,False,,,
2024-06-11,7751.266477006182,23675.290592465168,40566.803096012896,19316.005987551296,36149.465141738016,39657.36805728517,7751.266477006182,,,,,,True,bajo,Benford,
2024-06-12,-1804.72985876022,13122.897216283262,23429.10726071267,10630.000346371266,48986.73468212742,0.0,-1804.72985876022,,,,,,False,,,
2024-06-13,-120658.71380052244,17792.667689288563,31428.812583494942,11747.343645191504,181627.53771849745,0.0,-120658.71380052244,,,,,,True,crítico,"Isolation Forest, Z-score, IQR, Temporal",
2024-06-14,18083.72075436219,14469.900097009806,24017.54890788954,9621.810700784952,30025.53895132211,0.0,18083.72075436219,,,,,,True,alto,"Isolation Forest, Temporal",
2024-06-15,-3627.520218768245,12384.701140166902,22546.08049747194,7227.739787394407,45786.041643801495,0.0,-3627.520218768245,,,,,,True,medio,Temporal,
2024-06-16,10174.23436976922,11774.305047741293,17987.012605534954,6920.269668878475,26507.352952385503,0.0,10174.23436976922,,,,,,True,medio,Temporal,
2024-06-17,7108.112431632006,14235.32352661307,25838.411848737967,9616.78656398109,42582.409507700126,0.0,7108.112431632006,,,,,,True,bajo,Benford,
2024-06-18,15493.555853233744,14605.630072630114,25928.12138784869,11121.215848746013,36161.411455991074,0.0,15493.555853233744,,,,,,False,,,
2024-06-19,10512.819831437777,12749.027449141597,21246.44526663255,7186.547959482871,30669.20084381924,0.0,10512.819831437777,,,,,,False,,,
2024-06-20,20315.574907747483,15474.645454745756,28218.689085087582,13771.8841327248,37149.64376481066,0.0,20315.574907747483,,,,,,False,,,
2024-06-21,10636.700933843043,14626.825293053564,23713.648775796377,9181.027898591276,36884.801033598174,0.0,10636.700933843043,,,,,,False,,,
2024-06-22,-7089.603351592352,8914.26986134762,14688.056758109358,5910.133137854715,36602.06310890405,0.0,-7089.603351592352,,,,,,True,medio,"Benford, Temporal",
2024-06-23,-8141.075819321119,7223.1509466894495,11751.498474803064,5341.536332329398,32457.261573143027,0.0,-8141.075819321119,,,,,,True,medio,"Benford, Temporal",
2024-06-24,23307.199651304865,19047.897223993616,29467.11813012261,8898.717998755516,34106.53370156687,0.0,23307.199651304865,,,,,,False,,,
2024-06-25,-28481.978157290898,20243.327714890183,36114.47269202184,14040.098428627038,27976.23717427436,70903.6398185556,-28481.978157290898,,,,,,True,bajo,IQR,
2024-06-26,64268.37983324752,18936.3812756132,68186.04068868284,8153.986621835475,31008.02875288399,0.0,64268.37983324752,,,,,,True,medio,"IQR, Benford",
2024-06-27,33839.40283486874,16380.902173852695,29422.140949422374,9633.100807292954,21596.741095699283,0.0,33839.40283486874,,,,,,False,,,
2024-06-28,31219.9170811254,16958.385327264663,32685.179501556035,12144.694478132446,30568.342225827742,0.0,31219.9170811254,,,,,,False,,,
2024-06-29,17497.806000817727,15170.009780880468,24788.608054738583,10373.46820952437,32834.28004432569,0.0,17497.806000817727,,,,,,True,medio,Temporal,
2024-06-30,-14912.502002574693,11333.449235436809,20652.776821783693,8712.02451702932,55610.75257682451,0.0,-14912.502002574693,,,,,,True,medio,Temporal,
2024-07-01,15749.83800668217,13231.240006771604,22636.47270052092,10563.41194725368,30681.286647864028,0.0,15749.83800668217,,,,,,False,,,
2024-07-02,23015.87667098217,17676.798860654653,28728.44463752672,10998.018923277665,34387.38575047686,0.0,23015.87667098217,,,,,,False,,,
2024-07-03,18813.00984382733,17006.125308932686,26675.55068481832,10980.776404417134,35849.44255434081,0.0,18813.00984382733,,,,,,False,,,
2024-07-04,25789.7051797967,19574.2106106602,36240.98903357122,12255.599216756662,42281.093681191385,0.0,25789.7051797967,,,,,,False,,,
2024-07-05,19493.21618296977,17204.87049854096,27295.18255662289,9307.523416593313,34314.36028878739,0.0,19493.21618296977,,,,,,False,,,
2024-07-06,-80538.23201603659,8822.059190694768,13531.04805321242,4947.078288466144,40106.056580649165,67732.36096776076,-80538.23201603659,,,,,,True,crítico,"Z-score, IQR, Benford, Temporal",
2024-07-07,-6120.53432116978,8610.633130005323,13722.2863883894,3861.02987951942,32314.483719083924,0.0,-6120.53432116978,,,,,,True,medio,"Benford, Temporal",
2024-07-08,43085.89851447064,25025.22084195652,36788.92280591108,18759.47554135951,37487.72067475648,0.0,43085.89851447064,,,,,,False,,,
2024-07-09,41745.06959335085,23477.11035482924,32978.5682133086,15280.84672832867,29991.45570311566,0.0,41745.06959335085,,,,,,False,,,
2024-07-10,16977.441112861885,12723.049618709629,25016.898579134056,10750.234489184211,31512.74157416601,0.0,16977.441112861885,,,,,,False,,,
2024-07-11,17037.035155946563,13361.927917914009,22807.113583766342,9335.12301739849,28467.12936313228,0.0,17037.035155946563,,,,,,False,,,
2024-07-12,39872.77615088548,19250.33532445516,34393.24553556853,14460.652084194317,28231.45679333253,0.0,39872.77615088548,,,,,,False,,,
2024-07-13,-10511.59773772676,8122.815172167623,12718.661039799545,6021.060424422268,37374.13437411619,0.0,-10511.59773772676,,,,,,True,medio,Temporal,
2024-07-14,-1047.9547345915053,8242.269542493956,14267.908342461193,6052.183185499824,29610.31580504648,0.0,-1047.9547345915053,,,,,,True,medio,Temporal,
2024-07-15,18580.06154891721,17687.30419360339,32197.94845783756,9732.82877732955,41038.019879853295,0.0,18580.06154891721,,,,,,False,,,
2024-07-16,12065.857201131206,16204.244281773435,24787.18778770257,7000.738361048472,35926.31322939327,0.0,12065.857201131206,,,,,,False,,,
2024-07-17,15410.935802120985,15175.269282845393,25755.216310784497,10232.638347826383,35752.18813933529,0.0,15410.935802120985,,,,,,False,,,
2024-07-18,7359.054475440229,14659.951521183364,23359.74636110159,9534.957128973603,40195.600535818325,0.0,7359.054475440229,,,,,,True,bajo,Benford,
2024-07-19,31831.42791973264,17715.789363607786,29517.36961462625,12748.261862226413,28149.992920727804,0.0,31831.42791973264,,,,,,False,,,
2024-07-20,27160.6519842973,14820.307889702615,22483.33611102082,11849.280330696942,21992.27234712308,0.0,27160.6519842973,,,,,,True,medio,Temporal,
2024-07-21,14466.90293437913,10845.761353665854,18255.23363033172,7037.047458024683,21671.139507643125,0.0,14466.90293437913,,,,,,True,medio,Temporal,
2024-07-22,30432.00631836839,17897.467872726946,29942.96996966976,10086.45376181403,27494.88528584235,0.0,30432.00631836839,,,,,,False,,,
2024-07-23,-1702.4461375627434,11268.318419294565,16328.38593486594,7256.69510797705,36555.8455997003,0.0,-1702.4461375627434,,,,,,False,,,
2024-07-24,26262.964570190183,18716.24922235744,27363.261014199896,10134.24077171446,29950.786438081617,0.0,26262.964570190183,,,,,,False,,,
2024-07-25,-55481.66537328072,13494.851976336022,21016.29457864657,9561.965331975356,31079.49302343645,68475.28423680221,-55481.66537328072,,,,,,True,medio,"IQR, Benford",
2024-07-26,11119.323080283742,14381.821341895176,22172.67940231687,9571.988521418083,35007.16618534638,0.0,11119.323080283742,,,,,,False,,,
2024-07-27,2336.0819392180965,9269.995418698356,16769.68645856065,7428.094594589244,31131.694532630157,0.0,2336.0819392180965,,,,,,True,medio,Temporal,
2024-07-28,-1988.1444784010384,10491.89296629351,16122.98904022298,8564.189360658815,37167.21584557634,0.0,-1988.1444784010384,,,,,,True,medio,Temporal,
2024-07-29,17210.83992670365,22400.86564463821,35995.69706303668,11868.36470781292,53054.08748878416,0.0,17210.83992670365,,,,,,False,,,
2024-07-30,5553.078035162907,12699.284070148202,20613.649811622385,6707.579077642181,34467.43492424986,0.0,5553.078035162907,,,,,,True,bajo,Benford,
2024-07-31,18722.711653885868,18377.640776651628,29899.94841076487,12129.038051483998,41683.91558501463,0.0,18722.711653885868,,,,,,False,,,
2024-08-01,25636.533277047303,14893.6981266928,21112.124647852677,10869.818622106168,21239.108119604345,0.0,25636.533277047303,,,,,,False,,,
2024-08-02,26410.145912471296,14624.254705431427,22660.88531641773,9917.993884172089,20792.987993549952,0.0,26410.145912471296,,,,,,False,,,
2024-08-03,19750.925585733647,13720.778917423362,22217.842185345515,6408.661407486652,22596.35692452188,0.0,19750.925585733647,,,,,,True,medio,Temporal,
2024-08-04,7072.61466845734,10194.1098771208,14816.420077958615,8326.740013106852,26264.655299728925,0.0,7072.61466845734,,,,,,True,medio,"Benford, Temporal",
2024-08-05,36503.85864186892,18060.779810932367,30403.836320850813,13200.25598067844,25161.01347059269,0.0,36503.85864186892,,,,,,False,,,
2024-08-06,-1898.8131242528616,14250.754147981885,22134.615703440668,10076.881254428608,48361.06423010402,0.0,-1898.8131242528616,,,,,,False,,,
2024-08-07,7524.233659902518,9667.903734128342,20670.123231018377,9713.256566106038,32527.049871350235,0.0,7524.233659902518,,,,,,True,bajo,Benford,
2024-08-08,17244.977287024478,15602.076602297726,24671.491550063813,10438.8822606134,33467.473125950455,0.0,17244.977287024478,,,,,,False,,,
2024-08-09,34845.19236148432,14094.222023894015,31541.75383054462,16444.426678173248,27235.210171127568,0.0,34845.19236148432,,,,,,False,,,
2024-08-10,5991.652871135313,9281.686794715157,17872.929036761838,7800.61036769726,28963.573328038943,0.0,5991.652871135313,,,,,,True,medio,"Benford, Temporal",
2024-08-11,-5815.368438666017,8546.65782251852,14843.610813977282,4265.652323898478,33471.2893990603,0.0,-5815.368438666017,,,,,,True,medio,"Benford, Temporal",
2024-08-12,31359.80214536667,16827.276303088234,26959.531997965543,10573.535447646207,23000.54160333332,0.0,31359.80214536667,,,,,,False,,,
2024-08-13,29299.530153603988,16036.4956040103,29408.544137902445,12500.445593672286,28645.95518198104,0.0,29299.530153603988,,,,,,False,,,
2024-08-14,42903.65084116517,22744.124409527405,37432.15588699467,19415.98889588188,36688.61835123879,0.0,42903.65084116517,,,,,,False,,,
2024-08-15,27543.115439669346,24724.62239814646,39555.69252440144,11235.27865295663,47972.478135835176,0.0,27543.115439669346,,,,,,False,,,
2024-08-16,18685.845556017422,14371.17388052645,23997.703582832622,11132.375331964617,30815.40723930627,0.0,18685.845556017422,,,,,,False,,,
2024-08-17,-131333.99804719677,10717.068057261462,15189.831893105496,5169.819836920408,124769.84880414928,37640.869030334856,-131333.99804719677,,,,,,True,crítico,"Isolation Forest, Z-score, IQR, Temporal",
2024-08-18,-9417.29656600302,7517.660597194394,12519.886660221306,5024.529100359033,34479.37292377775,0.0,-9417.29656600302,,,,,,True,crítico,"Isolation Forest, Benford, Temporal",
2024-08-19,12966.568505454336,14152.604910683074,21527.483080814574,10245.962376680078,32959.4818627234,0.0,12966.568505454336,,,,,,False,,,
2024-08-20,32546.744103079836,17677.141332965995,26838.53309371879,8674.657608812777,20643.58793241773,0.0,32546.744103079836,,,,,,False,,,
2024-08-21,38708.09654179488,20551.99855647498,35270.79326857546,12090.636650931769,29205.33193418733,0.0,38708.09654179488,,,,,,False,,,
2024-08-22,13626.872527615316,12558.581767122723,22692.612042661895,9608.394644877602,31232.71592704691,0.0,13626.872527615316,,,,,,False,,,
2024-08-23,21064.93738564073,12821.97510446254,20159.239639591306,10073.65568516973,21989.93304358285,0.0,21064.93738564073,,,,,,False,,,
2024-08-24,-1691.5545481556728,7891.837831600045,13119.069509364272,5357.819415849536,28060.281304969525,0.0,-1691.5545481556728,,,,,,True,medio,Temporal,
2024-08-25,6293.529013982039,10125.935165879238,19116.771318956828,7888.732126718309,30837.909597572336,0.0,6293.529013982039,,,,,,True,medio,"Benford, Temporal",
2024-08-26,18245.18796993257,14742.816982115815,23119.892660690155,12132.709065967902,31750.230738841303,0.0,18245.18796993257,,,,,,False,,,
2024-08-27,19789.97700432552,14023.007406019016,23531.22833403615,11622.3540220895,29386.61275781915,0.0,19789.97700432552,,,,,,False,,,
2024-08-28,18120.64979404612,14605.540681503016,23733.51039136987,7520.068975189425,27738.47025401619,0.0,18120.64979404612,,,,,,False,,,
2024-08-29,18636.132804060413,17108.542565330743,28755.94707624357,11032.697690233268,38261.05452774717,0.0,18636.132804060413,,,,,,False,,,
2024-08-30,12311.09119305522,12745.567311059032,22007.576220732,8548.447904370501,30990.500243106315,0.0,12311.09119305522,,,,,,False,,,
2024-08-31,-129864.96094247888,8976.515784726053,16188.23850186029,4970.284770934787,160000.0,0.0,-129864.96094247888,,,,,,True,crítico,"Isolation Forest, Z-score, IQR, Temporal",
2024-09-01,11939.941953185576,14571.10732418037,24377.72064616349,8909.644511721743,35918.53052888003,0.0,11939.941953185576,,,,,,True,alto,"Isolation Forest, Temporal",
2024-09-02,970.7485278431924,12455.603321102844,20464.1273840336,6959.092087511849,38908.074264805095,0.0,970.7485278431924,,,,,,True,bajo,Benford,
2024-09-03,-1265.242619428609,10401.278960507254,20587.233572616253,6158.148772677255,38411.90392522937,0.0,-1265.242619428609,,,,,,False,,,
2024-09-04,38748.855473364485,19897.130910488737,35331.681175518,16044.089110797671,32524.04572343994,0.0,38748.855473364485,,,,,,False,,,
2024-09-05,48168.626967829216,26096.410272840367,39217.69396486591,15707.100605299036,32852.577875176095,0.0,48168.626967829216,,,,,,False,,,
2024-09-06,8960.247982065423,12089.68332301304,21073.560813939697,8274.795722829223,32477.791877716536,0.0,8960.247982065423,,,,,,True,bajo,Benford,
2024-09-07,-4657.558503916564,8273.648066928408,15495.163966267364,6686.727552407821,35113.09808952016,0.0,-4657.558503916564,,,,,,True,medio,Temporal,
2024-09-08,4438.838539083783,11130.614763642505,17638.306556756306,7266.917021774116,31596.99980308914,0.0,4438.838539083783,,,,,,True,medio,Temporal,
2024-09-09,42393.58077519857,23952.750153726894,37125.80201958014,16371.416540440818,35056.38793854928,0.0,42393.58077519857,,,,,,False,,,
2024-09-10,7559.344809789123,11500.596609863798,23318.202129909703,7873.136390857156,35132.59032084153,0.0,7559.344809789123,,,,,,True,bajo,Benford,
2024-09-11,12097.301421064956,14446.510447616103,24024.75117906271,8958.160849817894,23174.589343645184,12157.531711786569,12097.301421064956,,,,,,False,,,
2024-09-12,40661.39056490583,20267.14888992713,31256.381317705796,12875.573311064298,23737.7129537914,0.0,40661.39056490583,,,,,,False,,,
2024-09-13,18554.813306567998,17704.80000723448,29844.206430258306,10029.87667061846,39024.06980154325,0.0,18554.813306567998,,,,,,False,,,
2024-09-14,5066.59173291866,10451.984968292956,16642.729585759647,6336.699688442972,28364.82250957692,0.0,5066.59173291866,,,,,,True,medio,"Benford, Temporal",
2024-09-15,-4383.247163407519,9655.754179765248,17575.523900543416,8278.964985804423,39893.490229520605,0.0,-4383.247163407519,,,,,,True,medio,Temporal,
2024-09-16,14186.689818752371,11952.900449890018,19929.717737471678,7100.061164615338,24795.989533224656,0.0,14186.689818752371,,,,,,False,,,
2024-09-17,16198.31540244614,14752.50530437565,23797.039123352817,11637.989210729367,33989.2182360117,0.0,16198.31540244614,,,,,,False,,,
2024-09-18,18249.66594606416,13780.077160297698,24065.31027008626,9615.789031769807,29211.5105160896,0.0,18249.66594606416,,,,,,False,,,
2024-09-19,17160.99273574371,16750.208402781795,28404.651535740253,7616.475908220346,35610.34311099868,0.0,17160.99273574371,,,,,,False,,,
2024-09-20,60964.77817116504,17015.999559405165,78820.06868926052,8316.882044100268,43188.17212160091,0.0,60964.77817116504,,,,,,True,medio,"IQR, Benford",
2024-09-21,9733.151166682152,12600.867737963094,18475.30413341631,6438.982602995867,27782.003307693118,0.0,9733.151166682152,,,,,,True,medio,"Benford, Temporal",
2024-09-22,6632.241076633858,12654.450566170835,18997.718385183704,7129.93214918019,32149.860023900877,0.0,6632.241076633858,,,,,,True,medio,"Benford, Temporal",
2024-09-23,27483.05357424369,17593.922082070738,29054.455293863903,12430.22570838866,31595.549510079603,0.0,27483.05357424369,,,,,,False,,,
2024-09-24,-69935.85548287003,21026.16221630672,33890.684479171985,13560.146283731638,30444.292112734,107968.55634934636,-69935.85548287003,,,,,,True,alto,"IQR, Benford, Temporal",
2024-09-25,22105.289341882708,17678.061568542795,27606.871441767784,10776.017608278662,33955.66127670653,0.0,22105.289341882708,,,,,,False,,,
2024-09-26,-40190.00962061512,15465.611726394109,26506.6393287524,9166.660801619932,33178.5353243613,58150.38615302025,-40190.00962061512,,,,,,True,bajo,IQR,
2024-09-27,15038.834394856836,15333.386026237651,23578.365374121346,11757.817683560736,35630.7346890629,0.0,15038.834394856836,,,,,,False,,,
2024-09-28,8576.337794711428,13174.694282992596,21532.435533549065,6922.356479136245,33053.14850096648,0.0,8576.337794711428,,,,,,True,medio,"Benford, Temporal",
2024-09-29,10233.032528671129,11508.652363961672,18964.727205586845,8041.010641107927,28281.357681985315,0.0,10233.032528671129,,,,,,True,medio,Temporal,
2024-09-30,37110.03269252427,23900.803561750487,42501.69149351381,17338.25235934681,46630.71472208684,0.0,37110.03269252427,,,,,,False,,,
2024-10-01,54772.23840568106,24140.24844354575,39511.80135930748,19102.068551970435,27981.87994914261,0.0,54772.23840568106,,,,,,True,medio,"Isolation Forest, Benford",
2024-10-02,24916.197615125915,20352.81110682763,34275.59976089728,10463.465109172976,35483.03528435346,4692.643077418523,24916.197615125915,,,,,,False,,,
2024-10-03,7511.819367877273,13996.475295104316,24484.87273135286,8164.261364416788,39133.79002299669,0.0,7511.819367877273,,,,,,True,bajo,Benford,
2024-10-04,6861.018093908962,15675.214491324376,26526.504540139067,8890.197294848895,44230.89823240337,0.0,6861.018093908962,,,,,,True,bajo,Benford,
2024-10-05,9635.924523058726,18030.197642394352,27022.42959513152,12478.025172437578,47894.72788690472,0.0,9635.924523058726,,,,,,True,medio,"Benford, Temporal",
2024-10-06,8288.285503738036,12785.668460208535,22580.44436205245,8345.100385352203,35422.92770387515,0.0,8288.285503738036,,,,,,True,medio,"Benford, Temporal",
2024-10-07,28966.019027541814,20636.599843022614,33273.77324023678,11576.663007788407,36521.01706350598,0.0,28966.019027541814,,,,,,False,,,
2024-10-08,11842.416164221268,13324.460274928551,20269.54446105137,9726.746436582793,31478.335008341444,0.0,11842.416164221268,,,,,,False,,,
2024-10-09,47988.82608501847,21129.86223794032,38338.24843125793,17282.980221725837,28762.264805905616,0.0,47988.82608501847,,,,,,False,,,
2024-10-10,22413.744207271367,20350.32792848893,31393.201936141355,10140.519199456963,39470.30485681588,0.0,22413.744207271367,,,,,,False,,,
2024-10-11,-37548.79510661816,15210.068164932987,26808.93880915975,10432.197919289096,90000.0,0.0,-37548.79510661816,,,,,,True,bajo,IQR,
2024-10-12,12627.529487080228,10314.13259519146,19459.233228008925,8871.093843000239,26016.930179120394,0.0,12627.529487080228,,,,,,True,medio,Temporal,
2024-10-13,19233.051365179952,13921.78957727554,25231.12180418671,10728.253731319426,30648.11374760173,0.0,19233.051365179952,,,,,,True,medio,Temporal,
2024-10-14,37950.78650536913,17852.570161661908,33809.53799802848,12193.059722546635,25904.38137686789,0.0,37950.78650536913,,,,,,False,,,
2024-10-15,3156.8106430092885,19040.7720507041,33175.53704046655,11032.936209182766,60092.43465734413,0.0,3156.8106430092885,,,,,,False,,,
2024-10-16,28970.866608316173,16872.084403237277,25358.21852498731,15055.834257846103,28315.270577754512,0.0,28970.866608316173,,,,,,False,,,
2024-10-17,19405.506535056644,17769.63747834842,29911.692203872284,12911.433897701128,41187.25704486519,0.0,19405.506535056644,,,,,,False,,,
2024-10-18,34675.0556256753,21272.041224980087,33822.57666287893,12999.002822665889,33418.56508484961,0.0,34675.0556256753,,,,,,False,,,
2024-10-19,20454.78484528108,17072.59690759935,25873.877112426297,12701.2952923318,35192.98446707637,0.0,20454.78484528108,,,,,,True,medio,Temporal,
2024-10-20,-4695.733078368779,8017.70030894097,13136.393993925723,5020.0871069087525,30869.914488144223,0.0,-4695.733078368779,,,,,,True,medio,Temporal,
2024-10-21,23608.894448456944,19887.39462075257,33875.74401428259,10765.14172779527,40919.38591437348,0.0,23608.894448456944,,,,,,False,,,
2024-10-22,20995.35214382841,19715.86842185891,30191.47129676228,13219.256078023383,42131.24365281616,0.0,20995.35214382841,,,,,,False,,,
2024-10-23,16601.00335785559,15512.74847002449,30486.797427692287,14164.479571933723,43563.02211179491,0.0,16601.00335785559,,,,,,False,,,
2024-10-24,31957.041334699166,18501.541950578565,30446.006102149324,14259.940219600252,31250.446937628967,0.0,31957.041334699166,,,,,,False,,,
2024-10-25,16185.343818490546,12329.964149017393,23398.54662760706,12361.060936495722,31904.22789462962,0.0,16185.343818490546,,,,,,False,,,
2024-10-26,5640.18646989984,15059.118543706158,26517.99815952539,8499.561020256593,44436.4912535883,0.0,5640.18646989984,,,,,,True,medio,"Benford, Temporal",
2024-10-27,29499.327557573844,20134.36841009827,32839.15294013253,14161.775747878672,37635.969540535625,0.0,29499.327557573844,,,,,,True,medio,Temporal,
2024-10-28,11197.561468328218,15167.614185336595,24069.06849361184,8027.608481923656,36066.72969254387,0.0,11197.561468328218,,,,,,False,,,
2024-10-29,40566.76960810074,24118.327436289368,34460.10214625243,15917.71621358002,33929.37618802107,0.0,40566.76960810074,,,,,,False,,,
2024-10-30,43102.94925729061,19883.459375860824,35132.78321084328,10377.934834037658,22291.228163451156,0.0,43102.94925729061,,,,,,False,,,
2024-10-31,21620.63134965112,19025.481517216995,33594.132482127075,12987.128412560687,43986.11106225364,0.0,21620.63134965112,,,,,,False,,,
2024-11-01,13891.889155861969,13527.99455880396,21680.821055180488,8471.693941204736,29788.620399327217,0.0,13891.889155861969,,,,,,False,,,
2024-11-02,2624.7969362172007,11601.791836093858,20503.073384146755,7978.488181670402,37458.556465693815,0.0,2624.7969362172007,,,,,,True,medio,Temporal,
2024-11-03,14565.6895673377,16263.71323198109,25579.970392062136,12373.72754628848,39651.721602994,0.0,14565.6895673377,,,,,,True,medio,Temporal,
2024-11-04,32606.41404810685,21024.53145987933,34434.55193705562,10299.555973520672,33152.22532234878,0.0,32606.41404810685,,,,,,False,,,
2024-11-05,47040.66318753476,22484.81433991736,38417.590128505566,16941.586506174248,30803.327787062408,0.0,47040.66318753476,,,,,,False,,,
2024-11-06,42606.57120952014,24562.698451619,38533.93310281561,14605.50010422913,35095.5604491436,0.0,42606.57120952014,,,,,,False,,,
2024-11-07,35576.84929657573,20530.19767969693,32094.67839687127,12852.166951416144,29900.193731408606,0.0,35576.84929657573,,,,,,False,,,
2024-11-08,71492.68339047738,29030.640538384385,50473.39434762132,23843.10016676201,31854.451662290325,0.0,71492.68339047738,,,,,,True,medio,"IQR, Benford",
2024-11-09,14839.128337091905,15470.252498617194,24884.54218113998,8068.753061458478,33584.41940412374,0.0,14839.128337091905,,,,,,True,medio,Temporal,
2024-11-10,21792.37170094249,16409.253968211156,26399.26351128445,9455.025595726642,30471.17137427976,0.0,21792.37170094249,,,,,,True,medio,Temporal,
2024-11-11,32781.09882462297,18046.379883835976,30653.122992168184,11049.101435864755,26967.50548724595,0.0,32781.09882462297,,,,,,False,,,
2024-11-12,41958.21770393862,18645.286431512264,32727.824649591403,14105.572805787511,23520.46618295255,0.0,41958.21770393862,,,,,,False,,,
2024-11-13,27762.986139236786,15749.778705897132,28416.173210050914,11523.207853249816,27926.17362996109,0.0,27762.986139236786,,,,,,False,,,
2024-11-14,53161.54396828873,23260.29470640091,39534.74502163028,17621.74915580862,27255.24491555108,0.0,53161.54396828873,,,,,,True,bajo,Benford,
2024-11-15,328.5984180240339,15595.542117187968,27322.4930866846,7252.295605507613,49841.73239135615,0.0,328.5984180240339,,,,,,True,medio,Isolation Forest,
2024-11-16,-55856.73426118617,13968.368575911576,23305.25839284685,12455.779795184502,30468.33734394403,75117.80368118506,-55856.73426118617,,,,,,True,crítico,"Isolation Forest, IQR, Benford, Temporal",
2024-11-17,53161.54396828873,23260.29470640091,39534.74502163028,17621.74915580862,27255.24491555108,0.0,53161.54396828873,,,,,,True,crítico,"Isolation Forest, Benford, Temporal",
2024-11-18,45805.45440146608,23132.203596649106,44333.25813100296,16601.236044739355,38261.24337092534,0.0,45805.45440146608,,,,,,True,medio,Isolation Forest,
2024-11-19,28327.996618306737,22962.853013070315,37476.74359576952,17158.941692438937,49270.54168297204,0.0,28327.996618306737,,,,,,True,medio,Isolation Forest,
2024-11-20,60572.60220822642,26402.692142857995,47580.60148659142,13387.016293445206,26797.7077146682,0.0,60572.60220822642,,,,,,True,alto,"Isolation Forest, IQR, Benford",
2024-11-21,40061.17106791216,24558.7056287395,36595.633751372974,9234.088291478738,30327.25660367905,0.0,40061.17106791216,,,,,,True,medio,Isolation Forest,
2024-11-22,25520.75774414709,13185.589485182012,25137.833979492792,10072.286043654422,22874.95176418214,0.0,25520.75774414709,,,,,,True,medio,Isolation Forest,
2024-11-23,15264.96546068714,13967.917525353492,21223.229758567748,7207.787797672075,27133.969620906173,0.0,15264.96546068714,,,,,,True,alto,"Isolation Forest, Temporal",
2024-11-24,10281.655396715763,12017.50252278965,19658.755452819754,7985.879076371882,29380.48165526552,0.0,10281.655396715763,,,,,,True,medio,Temporal,
2024-11-25,88481.149567599,80016.84026928399,27937.556774601777,11042.044057239718,30515.291533526488,0.0,88481.149567599,,,,,,True,alto,"Isolation Forest, IQR, Benford",
2024-11-26,56455.11027942215,26818.67505159148,45040.66141030998,16836.449629388113,32240.67581186742,0.0,56455.11027942215,,,,,,True,medio,"Isolation Forest, Benford",
2024-11-27,45951.02138720211,23060.72839083492,39419.96469417252,12174.976329835752,28704.64802764108,0.0,45951.02138720211,,,,,,True,medio,Isolation Forest,
2024-11-28,30036.440200976715,15611.632129595071,26479.393497473106,10486.439687849632,22541.025113941098,0.0,30036.440200976715,,,,,,True,medio,Isolation Forest,
2024-11-29,26562.9336657144,18369.869101941054,26893.295122945816,10558.56021181927,29258.790770991745,0.0,26562.9336657144,,,,,,False,,,
2024-11-30,478.3904837235386,13380.124453094822,23758.6112319204,8861.53215156811,45521.87735285979,0.0,478.3904837235386,,,,,,True,alto,"Isolation Forest, Temporal",
2024-12-01,-1655.6191839660933,10358.516813369022,16643.985346670554,5102.525717600958,33760.64706160663,0.0,-1655.6191839660933,,,,,,True,alto,"Isolation Forest, Temporal",
2024-12-02,26617.907707529725,16132.190265300094,28829.509097237034,11225.96718058877,29569.75883559617,0.0,26617.907707529725,,,,,,True,medio,Isolation Forest,
2024-12-03,16781.80055741661,18567.12673025241,31996.51935336527,11576.379770097705,45358.22529629878,0.0,16781.80055741661,,,,,,False,,,
2024-12-04,32774.38638403738,19676.986072482057,34936.26468159047,16024.791921916943,37863.656291952095,0.0,32774.38638403738,,,,,,False,,,
2024-12-05,33985.33120809252,20580.419311212165,32053.75191582325,13947.477832864568,32596.317851807464,0.0,33985.33120809252,,,,,,False,,,
2024-12-06,7669.893510809408,13589.556276031864,19941.503900643405,7786.824257977147,33647.990923843005,0.0,7669.893510809408,,,,,,True,bajo,Benford,
2024-12-07,20475.68113502937,12487.975312847577,19552.55125467944,9801.84219544215,21366.6876279398,0.0,20475.68113502937,,,,,,True,medio,Temporal,
2024-12-08,9663.814718827603,12491.986127453223,21296.84372747695,8404.947323293354,32529.962459395923,0.0,9663.814718827603,,,,,,True,medio,"Benford, Temporal",
2024-12-09,35143.98945259509,19884.479517468117,35681.59776349566,16036.122905303182,36458.21073367187,0.0,35143.98945259509,,,,,,False,,,
2024-12-10,-90134.68167553555,25130.34988316961,41785.52100746557,18152.329615054823,175202.88218122558,0.0,-90134.68167553555,,,,,,True,crítico,"Isolation Forest, Z-score, IQR, Benford, Temporal",
2024-12-11,132.40916780897533,11409.409903917454,18759.567488074128,12380.566953557023,42417.135177739634,0.0,132.40916780897533,,,,,,True,medio,Isolation Forest,
2024-12-12,19167.66134901152,15578.565229859072,26267.44581566348,13447.629540438817,36125.97923694985,0.0,19167.66134901152,,,,,,False,,,
2024-12-13,35298.397343921235,23200.018450703654,39798.54863825937,13183.032824670434,40883.20256971222,0.0,35298.397343921235,,,,,,False,,,
2024-12-14,-8972.57120122634,9834.977312226689,14666.196311861277,5632.319109369356,39106.06393468366,0.0,-8972.57120122634,,,,,,True,medio,"Benford, Temporal",
2024-12-15,12596.298293034532,20852.651280796752,29694.49790052881,7997.419253744159,45948.2701420352,0.0,12596.298293034532,,,,,,True,medio,Temporal,
2024-12-16,34585.10401291146,19702.775535426208,32273.33898760197,16372.62743616743,33763.63794628415,0.0,34585.10401291146,,,,,,True,medio,Isolation Forest,
2024-12-17,31294.80356235376,22784.789540675138,36652.83471563949,9878.997051213948,38021.81774517482,0.0,31294.80356235376,,,,,,False,,,
2024-12-18,19013.04594170467,15623.150163941473,25474.60599593189,10146.680484015997,32231.390702184694,0.0,19013.04594170467,,,,,,False,,,
2024-12-19,46292.10986637596,22525.732022492302,38365.28883077284,14959.567420424117,29558.47840731329,0.0,46292.10986637596,,,,,,False,,,
2024-12-20,-24413.444340477552,24572.928021860072,43510.14484748558,11530.656690921409,32448.889850051877,71578.28405069275,-24413.444340477552,,,,,,False,,,
2024-12-21,8055.675012580992,13067.019700137467,23004.432772373308,7306.226969198982,35322.00442912876,0.0,8055.675012580992,,,,,,True,medio,"Benford, Temporal",
2024-12-22,12098.71634759519,13754.432095856824,22477.51631016549,9281.194815445311,33414.42687387244,0.0,12098.71634759519,,,,,,True,medio,Temporal,
2024-12-23,37252.41792507056,20897.81832297327,34954.77631972825,15756.148060135416,34356.32477776637,0.0,37252.41792507056,,,,,,False,,,
2024-12-24,18720.1142178961,13909.531386403396,25232.53000285484,11988.814682036784,32410.761853398915,0.0,18720.1142178961,,,,,,False,,,
2024-12-25,21891.235080458624,16583.15398908526,31437.48426059525,13597.569620812885,39726.97279003477,0.0,21891.235080458624,,,,,,False,,,
2024-12-26,28245.322791690855,19870.898417354598,31602.49303193785,11998.746645787514,35226.8153033891,0.0,28245.322791690855,,,,,,False,,,
2024-12-27,94126.37516760174,24577.82131744179,85111.93368144639,17814.833639509274,33378.21347079571,0.0,94126.37516760174,,,,,,True,alto,"Isolation Forest, IQR, Benford",
2024-12-28,28927.53869205004,17138.997407930834,31492.901316248022,10862.350054965962,30566.71008709478,0.0,28927.53869205004,,,,,,True,alto,"Isolation Forest, Temporal",
2024-12-29,3804.745021436,12115.974543507113,20089.64829312667,8158.071074151737,36558.94888934952,0.0,3804.745021436,,,,,,True,medio,Temporal,
2024-12-30,,,,,,,,50614.13027371573,26687.33671864965,74540.9238287818,16105.917396229052,87252.03290491065,False,,,30d
2024-12-31,,,,,,,,40181.88612590335,17611.6527181936,62752.11953361311,2707.741400290035,74742.55603145891,False,,,30d
2025-01-01,,,,,,,,51794.863304792685,29293.64259703309,74296.08401255228,17446.121240344462,86249.85751354956,False,,,30d
2025-01-02,,,,,,,,41311.710463656105,18523.36243149712,64100.05849581509,9999.277581518569,76206.36838789955,False,,,30d
2025-01-03,,,,,,,,42894.36032705009,19661.17304880228,66127.5476052979,9278.66174535478,78470.17834686705,False,,,30d
2025-01-04,,,,,,,,22108.16396390306,471.1742639714103,43745.15366383472,-13276.372603648717,55239.80444192341,False,,,30d
2025-01-05,,,,,,,,32766.74970853115,9676.948528068731,55856.55088899357,-1162.8589030732146,68123.00776611423,False,,,30d
2025-01-06,,,,,,,,48318.89143739626,26566.03084508443,70071.75202970809,11864.39298009385,81627.95921937375,False,,,30d
2025-01-07,,,,,,,,35015.20066190473,13638.153987141111,56392.24733666836,-1044.7611358425731,67748.80338263653,False,,,30d
2025-01-08,,,,,,,,43773.48666016607,20761.261671978584,66785.71164835355,11546.749710342025,79010.95617332816,False,,,30d
2025-01-09,,,,,,,,30508.036638033256,7442.962525367224,53573.110750699285,-3760.609031547079,65826.43137305311,False,,,30d
2025-01-10,,,,,,,,29434.750270809654,6655.121507611224,52214.37903400809,-3939.1299181974855,64316.05681445726,False,,,30d
2025-01-11,,,,,,,,6170.056659175581,-17358.92429137621,29699.037609727373,-28653.122782442904,42198.808739708016,False,,,30d
2025-01-12,,,,,,,,14574.630473393014,-7279.10675802993,36428.36770481596,-20103.277642859637,48038.1656090094,False,,,30d
2025-01-13,,,,,,,,28139.219897353687,4942.501057982248,51335.938736725126,-6349.856990113889,63659.1956201412,False,,,30d
2025-01-14,,,,,,,,13150.425983522147,-9277.323385442493,35578.17535248679,-19252.07706440511,47492.91720474925,False,,,30d
2025-01-15,,,,,,,,20555.299387385767,-1991.2953106782625,43101.89408544979,-15285.656873163744,55079.77251879632,False,,,30d
2025-01-16,,,,,,,,6290.0242704844895,-16318.029920590156,28898.078461559136,-28589.346956939124,40908.60725056754,False,,,30d
2025-01-17,,,,,,,,4584.637123775282,-18086.020581677574,27255.294829228143,-31076.475499098924,39299.08173524997,False,,,30d
2025-01-18,,,,,,,,-18938.28276793913,-41476.37900427552,3599.8134683972603,-51708.753287510655,15573.17709395096,False,,,30d
2025-01-19,,,,,,,,-10419.93067316781,-32730.86224520292,11891.000898867298,-45443.82736754639,23743.68329651095,False,,,30d
2025-01-20,,,,,,,,3620.709845940261,-16432.60728459578,23674.026976476303,-31506.05199697125,34327.351702073574,False,,,30d
2025-01-21,,,,,,,,-10547.009691201838,-32785.18398360106,11691.16460119739,-45746.08672710253,23505.194694034475,False,,,30d
2025-01-22,,,,,,,,-2000.287013575734,-23048.65316463116,19048.07913747969,-35532.51297495736,30230.023655227884,False,,,30d
2025-01-23,,,,,,,,-14833.506510080184,-37982.19265459147,8315.1796344311,-51918.13888259533,20612.919148702724,False,,,30d
2025-01-24,,,,,,,,-14852.70106240877,-38337.68856675066,8632.28644193312,-51306.66998809557,21108.68605361475,False,,,30d
2025-01-25,,,,,,,,-36475.92405287898,-59232.00289114083,-13719.845214617137,-71025.3385545887,-1630.678331790525,False,,,30d
2025-01-26,,,,,,,,-25888.536229637764,-48895.15735265363,-2881.9151066218983,-60476.03068619885,9340.352364980285,False,,,30d
2025-01-27,,,,,,,,-9656.123297842072,-31080.56419567324,11768.317599989094,-44809.0812311551,23150.0518269619,False,,,30d
2025-01-28,,,,,,,,-21557.239322609694,-44771.70281328296,1657.2241680635743,-55313.80233935052,13989.90789748374,False,,,30d
